{"labels": [0, 0, 0, 0, 0, 0, 0, 0, 0, 0, 0, 0, 0, 0, 0, 1, 2, 0, 0, 1, 2, 0, 0, 0, 0, 0, 0, 0, 0, 0, 0, 0, 0, 0, 0, 0, 0, 0, 0, 0, 1, 2, 0, 0, 0, 0, 0, 0, 0, 0, 0, 0, 0, 0, 0, 0, 2, 0, 0, 0, 0, 0, 1, 2, 0, 0, 0, 0, 0, 0, 0, 0, 0, 0, 0, 0, 0, 0, 1, 2, 0, 0, 0, 0, 0, 0, 0, 0, 0, 0, 0, 0, 0, 0, 0, 0, 0, 0, 0, 0], "scores": [0.0, 0.0, 0.0, 1.271928795176791e-05, 0.0, 0.0, 9.28790723264683e-06, 2.540036803111434e-05, 0.0, 2.4054355890257284e-05, 0.0, 0.0, 0.0, 2.385486732237041e-05, 0.9473960399627686, 2.790334474411793e-05, 0.00013307183689903468, 0.0, 0.0009139589383266866, 2.7210789994569495e-05, 7.286889012902975e-05, 0.0, 0.0, 0.0, 0.0, 0.0, 1.997483013838064e-05, 0.0, 0.0, 0.0, 0.0, 0.0, 0.0, 0.0, 0.0, 0.0, 0.0, 0.0, 8.873115802998655e-06, 0.000290208263322711, 7.790733434376307e-06, 0.00021570303943008184, 1.0079244020744227e-05, 0.0, 0.0, 0.0, 0.0, 0.0, 2.601900268928148e-05, 0.0, 0.0, 1.631565646675881e-05, 0.0, 0.0, 2.1426210878416896e-05, 0.0, 0.0, 0.0, 0.0, 0.0, 0.0, 0.0009336498333141208, 4.391254697111435e-05, 0.000180800911039114, 0.0, 0.0, 0.0, 0.0, 1.1589604582695756e-05, 0.0, 0.0, 0.0, 0.0, 0.0, 0.0, 0.0, 0.0, 0.0, 0.0, 0.0, 0.0, 0.0, 0.0, 2.927605964941904e-05, 0.0, 9.400474482390564e-06, 0.0, 0.0, 0.0, 0.0, 0.0, 0.0, 2.72643992502708e-05, 1.0158463737752754e-05, 0.0, 0.0, 0.0, 0.0, 0.0, 0.0], "bboxes": [[0.0, 0.0, 0.0, 0.0], [0.0, 0.0, 0.0, 0.0], [0.0, 0.0, 0.0, 0.0], [418.0, 523.0, 432.0, 539.0], [0.0, 0.0, 0.0, 0.0], [0.0, 0.0, 0.0, 0.0], [419.0, 524.0, 432.0, 538.0], [420.0, 524.0, 431.0, 538.0], [0.0, 0.0, 0.0, 0.0], [418.0, 523.0, 433.0, 539.0], [0.0, 0.0, 0.0, 0.0], [0.0, 0.0, 0.0, 0.0], [0.0, 0.0, 0.0, 0.0], [418.0, 523.0, 433.0, 539.0], [689.0, 321.0, 1346.0, 908.0], [689.0, 321.0, 1346.0, 908.0], [689.0, 321.0, 1346.0, 908.0], [0.0, 0.0, 0.0, 0.0], [835.0, 333.0, 1026.0, 430.0], [835.0, 333.0, 1026.0, 430.0], [835.0, 333.0, 1026.0, 430.0], [0.0, 0.0, 0.0, 0.0], [0.0, 0.0, 0.0, 0.0], [0.0, 0.0, 0.0, 0.0], [0.0, 0.0, 0.0, 0.0], [0.0, 0.0, 0.0, 0.0], [426.0, 535.0, 429.0, 536.0], [0.0, 0.0, 0.0, 0.0], [0.0, 0.0, 0.0, 0.0], [0.0, 0.0, 0.0, 0.0], [0.0, 0.0, 0.0, 0.0], [0.0, 0.0, 0.0, 0.0], [0.0, 0.0, 0.0, 0.0], [0.0, 0.0, 0.0, 0.0], [0.0, 0.0, 0.0, 0.0], [0.0, 0.0, 0.0, 0.0], [0.0, 0.0, 0.0, 0.0], [0.0, 0.0, 0.0, 0.0], [427.0, 535.0, 429.0, 536.0], [1288.0, 559.0, 1297.0, 577.0], [1288.0, 559.0, 1297.0, 577.0], [1288.0, 559.0, 1297.0, 577.0], [418.0, 523.0, 433.0, 539.0], [0.0, 0.0, 0.0, 0.0], [0.0, 0.0, 0.0, 0.0], [0.0, 0.0, 0.0, 0.0], [0.0, 0.0, 0.0, 0.0], [0.0, 0.0, 0.0, 0.0], [418.0, 523.0, 432.0, 539.0], [0.0, 0.0, 0.0, 0.0], [0.0, 0.0, 0.0, 0.0], [421.0, 533.0, 431.0, 537.0], [0.0, 0.0, 0.0, 0.0], [0.0, 0.0, 0.0, 0.0], [419.0, 524.0, 431.0, 538.0], [0.0, 0.0, 0.0, 0.0], [0.0, 0.0, 0.0, 0.0], [0.0, 0.0, 0.0, 0.0], [0.0, 0.0, 0.0, 0.0], [0.0, 0.0, 0.0, 0.0], [0.0, 0.0, 0.0, 0.0], [833.0, 329.0, 1305.0, 639.0], [833.0, 329.0, 1305.0, 639.0], [833.0, 329.0, 1305.0, 639.0], [0.0, 0.0, 0.0, 0.0], [0.0, 0.0, 0.0, 0.0], [0.0, 0.0, 0.0, 0.0], [0.0, 0.0, 0.0, 0.0], [419.0, 524.0, 431.0, 538.0], [0.0, 0.0, 0.0, 0.0], [0.0, 0.0, 0.0, 0.0], [0.0, 0.0, 0.0, 0.0], [0.0, 0.0, 0.0, 0.0], [0.0, 0.0, 0.0, 0.0], [0.0, 0.0, 0.0, 0.0], [0.0, 0.0, 0.0, 0.0], [0.0, 0.0, 0.0, 0.0], [0.0, 0.0, 0.0, 0.0], [0.0, 0.0, 0.0, 0.0], [0.0, 0.0, 0.0, 0.0], [0.0, 0.0, 0.0, 0.0], [0.0, 0.0, 0.0, 0.0], [0.0, 0.0, 0.0, 0.0], [418.0, 523.0, 433.0, 539.0], [0.0, 0.0, 0.0, 0.0], [419.0, 524.0, 432.0, 538.0], [0.0, 0.0, 0.0, 0.0], [0.0, 0.0, 0.0, 0.0], [0.0, 0.0, 0.0, 0.0], [0.0, 0.0, 0.0, 0.0], [0.0, 0.0, 0.0, 0.0], [0.0, 0.0, 0.0, 0.0], [422.0, 534.0, 431.0, 537.0], [419.0, 524.0, 431.0, 538.0], [0.0, 0.0, 0.0, 0.0], [0.0, 0.0, 0.0, 0.0], [0.0, 0.0, 0.0, 0.0], [0.0, 0.0, 0.0, 0.0], [0.0, 0.0, 0.0, 0.0], [0.0, 0.0, 0.0, 0.0]], "masks": [{"size": [1067, 1600], "counts": "PVSd1"}, {"size": [1067, 1600], "counts": "PVSd1"}, {"size": [1067, 1600], "counts": "PVSd1"}, {"size": [1067, 1600], "counts": "]Rd=2XQ11O2O0HNVoN3iP19O00O10O1001FVoN1jP1MYoN2QQ1Nk`PV1"}, {"size": [1067, 1600], "counts": "PVSd1"}, {"size": [1067, 1600], "counts": "PVSd1"}, {"size": [1067, 1600], "counts": "hSe=2XQ11O2N1INToN3kP1700000HToN1lP1OUoN0kP1NWoN2jP1KYoN3RQ1Ni`PV1"}, {"size": [1067, 1600], "counts": "SUf=2XQ1100O2HLVoN5iP1MVoN3jP1MVoN3jP1MVoN3iP1NWoN2jP1LXoN2RQ1OUbQV1"}, {"size": [1067, 1600], "counts": "PVSd1"}, {"size": [1067, 1600], "counts": "\\Rd=3XQ11N1ILVoN5hP19O0O100000O10001EWoN2SQ1M2O^_oU1"}, {"size": [1067, 1600], "counts": "PVSd1"}, {"size": [1067, 1600], "counts": "PVSd1"}, {"size": [1067, 1600], "counts": "PVSd1"}, {"size": [1067, 1600], "counts": "\\Rd=3XQ11N1O1H9O0O10000000O101EWoN2SQ1M2O^_oU1"}, {"size": [1067, 1600], "counts": "Tg^f01WQ1:H;E4L3M2iLXOhUOk0Pj0^OlUOc0Pj0DlUO>oi0GnUO;oi0IoUO9li0LcUOoNZNW1Rl0M]UOf0cNUN`k0W1hUOi0fNRN_k0X1dUOl0kNoMgj0O]UO\\1j0n0oNjMgj0n1QVOa0UOcMhj0o1nUOR1Pj0ROiUOR1Vj0TOcUOo0[j0Q3O2N1O2O0O2N3M2M4L4L3M3L4N1N3N1O1O2N1O1O1O1O1O100O1O1O2O0O1O1O2N2N1O2O1N101N2N1O2O0O2N100O1O1O2O0O1O1O1O1O1O1O1O1O1O1O2N100O1O1O2N1O1O1O1O100O1O1O1O100O1O1O1O1O1O100O1O101N100O101O0O101N10001O0O101O000O101O0O1O100O2N1O1O2N1O1O2O0O2N2N1nJYE_Ch:]<aE]Ca:a<bE\\C_:c<dEZC^:c<gEYCZ:f<jEVCW:i<mESCU:k<nERCS:l<QFQCP:n<SFoBn9P=UFnBl9P=WFmBj9R=YFlBg9S=[FkBg9R=\\FmBd9R=^FlBc9R=`FmBa9Q=aFmB`9R=bFmB^9R=dFmB\\9R=fFlB[9S=fFmB[9Q=gFnBY9Q=iFmBX9R=jFmBV9S=kFkBW9S=lFkBT9T=nFjBT9U=nFhBS9W=oFhBQ9W=RGfBP9Y=PGgBP9X=RGfBo8Z=RGeBo8Y=RGgBn8Y=SGeBn8Z=SGeBn8[=SGdBn8Z=TGdBm8\\=SGdBm8[=UGcBl8]=UGaBl8^=UGbBk8^=VG_Bl8`=VG^Bl8a=TG]Bn8b=TG[Bn8d=TGYBn8g=SGVBo8i=RGVBo8i=SGTBo8l=RGRBo8m=TGPBm8o=UGPBk8P>VGnAk8Q>WGnAh8R>ZGlAg8T>ZGkAf8T>\\GkAd8U>]GiAd8V>]GjAb8W>_GgAb8X>_GhAa8X>_GgAa8Z>`GeA`8Z>aGeA_8\\>bGaA`8_>`G_Aa8a>aG[Ab8e>^GXAe8h>\\GTAg8k>[GRAg8n>ZGn@i8R?XGj@j8V?f40000O1000000O10O10000000000000000000000O10000O010O10O010O0100O00100O1O100O100O100O100O100O100000000O1000001O000000001O00001O001O001O0O101O0O10001N100O2O001N101O000O2O001O0O101O000O2O001O0O2O001O000O2O00001O0O2O00001O00001O0O10001O00001O00001O001O00001O001O0O2O1O001O1N2O2N1O1N3N1O1N2O2N1O1O1N2O1O1O001N101O000O2O001O0O2O001O001N2O001O1O1O1O001N2O1O1O1O1N2O001O0O2O00000O2O000O10001O0O101O001N2O1O1N2O1O1O1O0O2O0000000O1000001O0O100000001N1000001N101O1N2O2N1O2M3N3M2N4L5J5L3M3M1O1O1N2O00001O000O101O000O2O001O1N2O1O2M2O2N1N2O1O1N2O1N101O1N101N101N101N100O1O2O0O100O10000O100O2O001N101N2O1O1N2O1N2O0O2O000O101N1O1O100O1O1O1O1O1O1O1O2N1O1O101N1O100O2O1N2N101N2O0O2O1N101N2O0O2O1N2O0O2O1O1N2O0O2O1N101N100O00100O1O2N101N1O2O1N2N1O2O1N3N1N2O1N2O1N2N101N101N101N1O2O0O2N1N3N1O2N2N2N3M3M3M5K5K5L5J4L4L2N3M2N2M4M2M3N2L4M4K4M3L4M3K5K4L5L4L3N3M3L4L3K6F:I7K4M4M3M3L4M3[OaQOXNdn0f1b0N3M2N3N2M3M3M2O2QOYPO5jo0E\\PO8^P1M2N3L4KeQX8"}, {"size": [1067, 1600],